id;nombre;apellidos;dni
1;payment schemas navigate;Tuna;Money Market Account architectures
2;back up Gabon Georgia;Representative South Carolina;Fantastic Palestinian Territory
3;drive bandwidth;alarm;Handcrafted Reactive Tasty
4;cyan Auto Loan Account;Enterprise-wide;Sleek Soft Bike navigating Rubber
5;Zambian Kwacha Small Metal Bike Comoro Franc;turquoise;IB
6;Outdoors;connect Fresh full-range;purple solutions
7;methodologies;Stand-alone Auto Loan Account Algeria;mobile
8;Cotton;Peru;Principal Security
9;Associate Planner Human;holistic payment revolutionary;ivory Money Market Account
10;invoice;paradigm;Iranian Rial
